-- Insertar datos en la tabla USER_TYPE
INSERT INTO USER_TYPE (name_type, desc_type) VALUES
    ('Administrador', 'Acceso total al sistema'),
    ('Moderador', 'Acceso limitado a ciertas funciones'),
    ('Usuario', 'Acceso b치sico al sistema');

-- Insertar datos en la tabla PERMISSION
INSERT INTO PERMISSION (name_permission, desc_permission) VALUES
    ('Gestionar usuarios', 'Permiso para crear, editar y eliminar usuarios'),
    ('Moderar contenido', 'Permiso para moderar publicaciones y comentarios'),
    ('Publicar contenido', 'Permiso para crear publicaciones'),
    ('Comentar', 'Permiso para comentar en publicaciones');

-- Insertar datos en la tabla ACHIEVEMENT
INSERT INTO ACHIEVEMENT (name_achievement, desc_achievement) VALUES
    ('Reci칠n llegado', 'Logro obtenido al registrarse'),
    ('Participante activo', 'Logro obtenido por participar activamente'),
    ('Resolvedor de desaf칤os', 'Logro obtenido por resolver desaf칤os'),
    ('Maestro de publicaciones', 'Logro obtenido por hacer muchas publicaciones'),
    ('Rey de los comentarios', 'Logro obtenido por hacer muchos comentarios');

-- Insertar datos en la tabla DIFFICULTY
INSERT INTO DIFFICULTY (id_difficulty, desc_difficulty) VALUES 
	(1, 'Principiante'),
    (2, 'F치cil'),
    (3, 'Intermedio'),
    (4, 'Dif칤cil'),
    (5, 'Experto'),
    (6, 'Prueba t칠cnica');

-- Insertar datos en la tabla CHALLENGE_TYPE
INSERT INTO CHALLENGE_TYPE (id_type, desc_type) VALUES
(1, 'Desaf칤o'),
(2, 'Lecci칩n');

INSERT INTO ANSWER_STATUS (STATUS_ID, status_name, status_desc) VALUES
(1, 'Borrador', 'La respuesta se ha guardado como borrador y a칰n no ha sido enviada.'),
(2, 'Enviado', 'La respuesta ha sido enviada.');



    
-- Insertar datos en la tabla CHALLENGE
INSERT INTO CHALLENGE (title, desc_challenge, content, DIFFICULTY_id_difficulty, CHALLENGE_TYPE_id_type, start_at, end_at) VALUES
    ('춰Tu primer "Hola Mundo" en JS!', 'Debes lograr que la consola imprima "Hola Mundo"', NULL, 1, 1, '2023-05-01', NULL),
    ('춰Sumar dos n칰meros!', 'Tu tarea es crear una funci칩n que ingrese dos par치metros y los sume', NULL, 2, 1, '2023-06-01', NULL),
    ('Convertir grados Celsius a Fahrenheit', 'Crear una funci칩n que convierta grados Celsius a Fahrenheit', NULL, 2, 1, '2023-06-15', NULL),
    ('Calcular el 치rea de un tri치ngulo', 'Crear una funci칩n que calcule el 치rea de un tri치ngulo dado su base y altura', NULL, 3, 1, '2023-07-01', NULL),
    ('Encontrar el n칰mero mayor', 'Crear una funci칩n que encuentre el n칰mero mayor en un array dado', NULL,  3, 1, '2023-07-15', NULL),
    ('titulo', 'descripcion', '[
  {
    "attributes": {
      "background": "#18161b",
      "color": "#fdfdff"
    },
    "insert": "C칩mo crear tu primer c칩digo en Javascript. Hello world!"
  },
  {
    "attributes": {
      "header": 1
    },
    "insert": "\n"
  },
  {
    "attributes": {
      "background": "#18161b",
      "color": "#fdfdff"
    },
    "insert": "칔ltima actualizaci칩n: 5 mar 2022"
  },
  {
    "insert": "\n"
  },
  {
    "attributes": {
      "background": "#18161b",
      "color": "#fdfdff"
    },
    "insert": "Hello world usando editor online (codepen)"
  },
  {
    "attributes": {
      "header": 2
    },
    "insert": "\n"
  },
  {
    "attributes": {
      "background": "#18161b",
      "color": "#fdfdff"
    },
    "insert": "La manera m치s r치pida y sencilla de hacer un hola mundo es usar una web en la que puedes programar sin instalar nada."
  },
  {
    "insert": "\n"
  },
  {
    "attributes": {
      "background": "#18161b",
      "color": "#fdfdff"
    },
    "insert": "Una de las que recomiendo es "
  },
  {
    "attributes": {
      "background": "#18161b",
      "color": "var(--color-primary)",
      "link": "https://codepen.io/"
    },
    "insert": "Codepen"
  },
  {
    "attributes": {
      "background": "#18161b",
      "color": "#fdfdff"
    },
    "insert": ", simplemente le das a "
  },
  {
    "attributes": {
      "background": "#18161b",
      "color": "#fdfdff",
      "bold": true
    },
    "insert": "Start coding"
  },
  {
    "attributes": {
      "background": "#18161b",
      "color": "#fdfdff"
    },
    "insert": " y ya te abre una pantalla tal que as칤:"
  },
  {
    "insert": "\n"
  },
  {
    "attributes": {
      "alt": "En la imagen se ve la p치gina de codepen abierta y 3 secciones para escribir c칩digo",
      "background": "#18161b",
      "color": "#fdfdff"
    },
    "insert": {
      "image": "https://i.imgur.com/KmZvoE8.png"
    }
  },
  {
    "insert": "\n"
  },
  {
    "attributes": {
      "background": "#18161b",
      "color": "#fdfdff"
    },
    "insert": "Como ves se te abre un editor muy simple, con el que puedes escribir "
  },
  {
    "attributes": {
      "background": "#18161b",
      "color": "var(--color-primary)",
      "link": "https://codingpotions.com/html"
    },
    "insert": "HTML"
  },
  {
    "attributes": {
      "background": "#18161b",
      "color": "#fdfdff"
    },
    "insert": ", "
  },
  {
    "attributes": {
      "background": "#18161b",
      "color": "var(--color-primary)",
      "link": "https://codingpotions.com/css"
    },
    "insert": "CSS"
  },
  {
    "attributes": {
      "background": "#18161b",
      "color": "#fdfdff"
    },
    "insert": " Y "
  },
  {
    "attributes": {
      "background": "#18161b",
      "color": "var(--color-primary)",
      "link": "https://codingpotions.com/javascript"
    },
    "insert": "Javascript"
  },
  {
    "attributes": {
      "background": "#18161b",
      "color": "#fdfdff"
    },
    "insert": " (JS) que es lo que nos interesa para este art칤culo. Si no sabes lo que son estos lenguajes p치sate por el post de "
  },
  {
    "attributes": {
      "background": "#18161b",
      "color": "var(--color-primary)",
      "link": "https://codingpotions.com/frontend"
    },
    "insert": "Frontend"
  },
  {
    "attributes": {
      "background": "#18161b",
      "color": "#fdfdff"
    },
    "insert": "."
  },
  {
    "insert": "\n"
  },
  {
    "attributes": {
      "background": "#18161b",
      "color": "#fdfdff"
    },
    "insert": "Por cierto, en codepen puedes crearte una cuenta para ir guardando los proyectillos que vayas creando."
  },
  {
    "insert": "\n"
  },
  {
    "attributes": {
      "background": "#18161b",
      "color": "#fdfdff"
    },
    "insert": "Vale, pues para escribir el hola mundo tan solo tienes que escribir lo siguiente en la caja de JS:"
  },
  {
    "insert": "\nconsole.log(\"Hello world!\");"
  },
  {
    "attributes": {
      "code-block": "js"
    },
    "insert": "\n"
  },
  {
    "attributes": {
      "background": "#18161b",
      "color": "#fdfdff"
    },
    "insert": "Si ahora le das al bot칩n de abajo a la izquierda que pone \""
  },
  {
    "attributes": {
      "background": "#18161b",
      "color": "#fdfdff",
      "bold": true
    },
    "insert": "Console"
  },
  {
    "attributes": {
      "background": "#18161b",
      "color": "#fdfdff"
    },
    "insert": "\", podr치s ver que en la pantalla pone "
  },
  {
    "attributes": {
      "background": "#18161b",
      "color": "#fdfdff",
      "bold": true
    },
    "insert": "Hello world!"
  },
  {
    "attributes": {
      "background": "#18161b",
      "color": "#fdfdff"
    },
    "insert": "."
  },
  {
    "insert": "\n"
  },
  {
    "attributes": {
      "background": "#18161b",
      "color": "#fdfdff"
    },
    "insert": "En eso consiste hacer un hello world, en crear un programita o web que simplemente pinte "
  },
  {
    "attributes": {
      "background": "#18161b",
      "color": "#fdfdff",
      "bold": true
    },
    "insert": "hello world"
  },
  {
    "attributes": {
      "background": "#18161b",
      "color": "#fdfdff"
    },
    "insert": " en la pantalla, as칤 de f치cil."
  },
  {
    "insert": "\n"
  },
  {
    "attributes": {
      "background": "#18161b",
      "color": "#fdfdff"
    },
    "insert": "Hello world en tu ordenador usando ficheros"
  },
  {
    "attributes": {
      "header": 2
    },
    "insert": "\n"
  },
  {
    "attributes": {
      "background": "#18161b",
      "color": "#fdfdff"
    },
    "insert": "쯇ero es as칤 de f치cil crear un hello world? Pues la realidad es que est치s p치ginas precisamente lo que hacen es facilitarnos la vida para no tener que montar un entorno para desarrollar p치ginas web."
  },
  {
    "insert": "\n"
  },
  {
    "attributes": {
      "background": "#18161b",
      "color": "#fdfdff"
    },
    "insert": "Ahora que has creado tu primer c칩digo te recomiendo que des el salto y empieces a desarrollar en ficheros de tu ordenador, as칤 te vas familiarizando con las herramientas, ya que normalmente la gente programa y trabaja en ficheros locales y no en la nube."
  },
  {
    "insert": "\n"
  },
  {
    "attributes": {
      "background": "#18161b",
      "color": "#fdfdff"
    },
    "insert": "Para programar en local solo necesitas un editor de textos. Hay gente que empieza con el notepad (o cualquier programa que permita escribir en el ordenador), pero yo te recomiendo que empieces directamente con el "
  },
  {
    "attributes": {
      "background": "#18161b",
      "color": "var(--color-primary)",
      "link": "https://code.visualstudio.com/"
    },
    "insert": "Vscode"
  },
  {
    "attributes": {
      "background": "#18161b",
      "color": "#fdfdff"
    },
    "insert": ", un editor de c칩digo totalmente gratuito para programar."
  },
  {
    "insert": "\n"
  },
  {
    "attributes": {
      "background": "#18161b",
      "color": "#fdfdff"
    },
    "insert": "En el art칤culo de "
  },
  {
    "attributes": {
      "background": "#18161b",
      "color": "var(--color-primary)",
      "link": "https://codingpotions.com/entorno-desarrollo-frontend"
    },
    "insert": "Entorno de desarrollo para frontend"
  },
  {
    "attributes": {
      "background": "#18161b",
      "color": "#fdfdff"
    },
    "insert": " explico con m치s detalle todas las opciones que tienes para programar."
  },
  {
    "insert": "\n"
  },
  {
    "attributes": {
      "background": "#18161b",
      "color": "#fdfdff"
    },
    "insert": "Una vez descargado tienes que crear una carpeta en tu ordenador y abrirla con el editor de c칩digo. Dentro de esta carpeta crea un fichero llamado "
  },
  {
    "attributes": {
      "background": "#18161b",
      "color": "#fdfdff",
      "bold": true
    },
    "insert": "index.html"
  },
  {
    "insert": "\n"
  },
  {
    "attributes": {
      "background": "#18161b",
      "color": "#fdfdff"
    },
    "insert": "En realidad lo puedes llamar como quieras, pero al fichero principal de una web se le suele llamar "
  },
  {
    "attributes": {
      "background": "#18161b",
      "color": "#fdfdff",
      "bold": true
    },
    "insert": "index"
  },
  {
    "attributes": {
      "background": "#18161b",
      "color": "#fdfdff"
    },
    "insert": " por convenci칩n."
  },
  {
    "insert": "\n"
  },
  {
    "attributes": {
      "background": "#18161b",
      "color": "#fdfdff"
    },
    "insert": "El contenido del fichero "
  },
  {
    "attributes": {
      "background": "#18161b",
      "color": "#fdfdff",
      "bold": true
    },
    "insert": "index.html"
  },
  {
    "attributes": {
      "background": "#18161b",
      "color": "#fdfdff"
    },
    "insert": " es el siguiente:"
  },
  {
    "insert": "\n"
  },
  {
    "attributes": {
      "code-block": "html"
    },
    "insert": "\n"
  },
  {
    "insert": ""
  },
  {
    "attributes": {
      "code-block": "html"
    },
    "insert": "\n"
  },
  {
    "insert": "  "
  },
  {
    "attributes": {
      "code-block": "html"
    },
    "insert": "\n"
  },
  {
    "insert": "    "
  },
  {
    "attributes": {
      "code-block": "html"
    },
    "insert": "\n"
  },
  {
    "insert": "    "
  },
  {
    "attributes": {
      "code-block": "html"
    },
    "insert": "\n"
  },
  {
    "insert": "    "
  },
  {
    "attributes": {
      "code-block": "html"
    },
    "insert": "\n"
  },
  {
    "insert": "  "
  },
  {
    "attributes": {
      "code-block": "html"
    },
    "insert": "\n\n"
  },
  {
    "insert": "  "
  },
  {
    "attributes": {
      "code-block": "html"
    },
    "insert": "\n"
  },
  {
    "insert": "    "
  },
  {
    "attributes": {
      "code-block": "html"
    },
    "insert": "\n"
  },
  {
    "insert": "  "
  },
  {
    "attributes": {
      "code-block": "html"
    },
    "insert": "\n"
  },
  {
    "insert": ""
  },
  {
    "attributes": {
      "code-block": "html"
    },
    "insert": "\n"
  },
  {
    "attributes": {
      "background": "#18161b",
      "color": "#fdfdff"
    },
    "insert": "No me voy a parar mucho en explicar HTML, simplemente tienes que saber que con la etiqueta "
  },
  {
    "attributes": {
      "background": "#18161b",
      "color": "var(--color-primary)",
      "link": "https://codingpotions.com/html"
    },
    "insert": "HTML"
  },
  {
    "attributes": {
      "background": "#18161b",
      "color": "#fdfdff"
    },
    "insert": " de "
  },
  {
    "attributes": {
      "background": "#18161b",
      "color": "#fdfdff",
      "code": true
    },
    "insert": "script"
  },
  {
    "attributes": {
      "background": "#18161b",
      "color": "#fdfdff"
    },
    "insert": " lo que se puede hacer es ejecutar c칩digo Javascript, en este caso pues el "
  },
  {
    "attributes": {
      "background": "#18161b",
      "color": "#fdfdff",
      "bold": true
    },
    "insert": "console.log"
  },
  {
    "attributes": {
      "background": "#18161b",
      "color": "#fdfdff"
    },
    "insert": " que lo que hace es escribirlo en la consola del navegador."
  },
  {
    "insert": "\n"
  },
  {
    "attributes": {
      "background": "#18161b",
      "color": "#fdfdff"
    },
    "insert": "Si ahora abres este fichero en el navegador (bot칩n derecho y abrir con Firefox o Chrome o el que uses) ver치s que no aparece nada, es normal."
  },
  {
    "insert": "\n"
  },
  {
    "attributes": {
      "background": "#18161b",
      "color": "#fdfdff"
    },
    "insert": "El c칩digo que hemos escrito se ejecuta y se imprime en la consola del navegador, y no en la propia p치gina web."
  },
  {
    "insert": "\n"
  },
  {
    "attributes": {
      "background": "#18161b",
      "color": "#fdfdff"
    },
    "insert": "Para abrir la consola del navegador dale a bot칩n derecho en la p치gina y selecciona la opci칩n de "
  },
  {
    "attributes": {
      "background": "#18161b",
      "color": "#fdfdff",
      "bold": true
    },
    "insert": "inspeccionar elemento"
  },
  {
    "attributes": {
      "background": "#18161b",
      "color": "#fdfdff"
    },
    "insert": " o "
  },
  {
    "attributes": {
      "background": "#18161b",
      "color": "#fdfdff",
      "bold": true
    },
    "insert": "inspect"
  },
  {
    "attributes": {
      "background": "#18161b",
      "color": "#fdfdff"
    },
    "insert": ", tambi칠n puedes usar la combinaci칩n de teclas de "
  },
  {
    "attributes": {
      "background": "#18161b",
      "color": "#fdfdff",
      "code": true
    },
    "insert": "Control + Shift + I"
  },
  {
    "attributes": {
      "background": "#18161b",
      "color": "#fdfdff"
    },
    "insert": " (en MAC ni idea, supongo que Comando + Shift + I)."
  },
  {
    "insert": "\n"
  },
  {
    "attributes": {
      "background": "#18161b",
      "color": "#fdfdff"
    },
    "insert": "Se te ha debido de abrir una ventana, bienvenido a las "
  },
  {
    "attributes": {
      "background": "#18161b",
      "color": "var(--color-text-shade)"
    },
    "insert": "Developers tools del navegador 游뚾"
  },
  {
    "attributes": {
      "background": "#18161b",
      "color": "#fdfdff"
    },
    "insert": " (o herramientas para desarrolladores). Si quieres ser desarrollador web te recomiendo que te habit칰es a usar esta herramienta porque la vas a usar mucho."
  },
  {
    "insert": "\n"
  },
  {
    "attributes": {
      "background": "#18161b",
      "color": "#fdfdff"
    },
    "insert": "Con esta herramienta puedes ver el c칩digo fuente de una p치gina web, puedes ver lo que se est치 ejecutando, hacer an치lisis de la ejecuci칩n, ver las llamadas que se hacen a servidor, etc."
  },
  {
    "insert": "\n"
  },
  {
    "attributes": {
      "background": "#18161b",
      "color": "#fdfdff"
    },
    "insert": "Para nuestro caso nos interesa la pesta침a de la "
  },
  {
    "attributes": {
      "background": "#18161b",
      "color": "#fdfdff",
      "bold": true
    },
    "insert": "consola"
  },
  {
    "attributes": {
      "background": "#18161b",
      "color": "#fdfdff"
    },
    "insert": " (console). En esta pesta침a puedes ver algunos errores y tambi칠n el c칩digo que se ejecuta en los "
  },
  {
    "attributes": {
      "background": "#18161b",
      "color": "#fdfdff",
      "bold": true
    },
    "insert": "console.log"
  },
  {
    "attributes": {
      "background": "#18161b",
      "color": "#fdfdff"
    },
    "insert": "."
  },
  {
    "insert": "\n"
  },
  {
    "attributes": {
      "background": "#18161b",
      "color": "#fdfdff"
    },
    "insert": "Si has seguido bien los pasos deber칤as poder ver el "
  },
  {
    "attributes": {
      "background": "#18161b",
      "color": "#fdfdff",
      "bold": true
    },
    "insert": "Hello world"
  },
  {
    "attributes": {
      "background": "#18161b",
      "color": "#fdfdff"
    },
    "insert": "."
  },
  {
    "insert": "\n"
  },
  {
    "attributes": {
      "background": "#18161b",
      "color": "#fdfdff"
    },
    "insert": {
      "image": "https://i.imgur.com/x1SXSQq.png"
    }
  },
  {
    "insert": "\n"
  },
  {
    "attributes": {
      "background": "#18161b",
      "color": "#fdfdff"
    },
    "insert": "C칩digo Javascript en fichero independiente"
  },
  {
    "attributes": {
      "header": 2
    },
    "insert": "\n"
  },
  {
    "attributes": {
      "background": "#18161b",
      "color": "#fdfdff"
    },
    "insert": "Esto est치 muy bien, pero la realidad es que escribir c칩digo Javascript dentro de los ficheros "
  },
  {
    "attributes": {
      "background": "#18161b",
      "color": "#fdfdff",
      "bold": true
    },
    "insert": ".html"
  },
  {
    "attributes": {
      "background": "#18161b",
      "color": "#fdfdff"
    },
    "insert": " se considera mala pr치ctica, lo mejor es no mezclar lenguajes y separar las cosas en distintos ficheros."
  },
  {
    "insert": "\n"
  },
  {
    "attributes": {
      "background": "#18161b",
      "color": "#fdfdff"
    },
    "insert": "Para el Hello World lo que puedes hacer es crear en la carpeta un fichero llamado "
  },
  {
    "attributes": {
      "background": "#18161b",
      "color": "#fdfdff",
      "bold": true
    },
    "insert": "index.js"
  },
  {
    "attributes": {
      "background": "#18161b",
      "color": "#fdfdff"
    },
    "insert": " (o como quieras llamarlo pero que tenga extensi칩n .js)."
  },
  {
    "insert": "\n"
  },
  {
    "attributes": {
      "background": "#18161b",
      "color": "#fdfdff"
    },
    "insert": "Dentro del fichero "
  },
  {
    "attributes": {
      "background": "#18161b",
      "color": "#fdfdff",
      "bold": true
    },
    "insert": "index.html"
  },
  {
    "attributes": {
      "background": "#18161b",
      "color": "#fdfdff"
    },
    "insert": " tienes que modificar la etiqueta de script para que llame al fichero en lugar de ejecutar el c칩digo Javascript directamente."
  },
  {
    "insert": "\n"
  },
  {
    "attributes": {
      "code-block": "html"
    },
    "insert": "\n"
  },
  {
    "insert": ""
  },
  {
    "attributes": {
      "code-block": "html"
    },
    "insert": "\n"
  },
  {
    "insert": "  "
  },
  {
    "attributes": {
      "code-block": "html"
    },
    "insert": "\n"
  },
  {
    "insert": "    "
  },
  {
    "attributes": {
      "code-block": "html"
    },
    "insert": "\n"
  },
  {
    "insert": "    "
  },
  {
    "attributes": {
      "code-block": "html"
    },
    "insert": "\n"
  },
  {
    "insert": "    "
  },
  {
    "attributes": {
      "code-block": "html"
    },
    "insert": "\n"
  },
  {
    "insert": "  "
  },
  {
    "attributes": {
      "code-block": "html"
    },
    "insert": "\n\n"
  },
  {
    "insert": "  "
  },
  {
    "attributes": {
      "code-block": "html"
    },
    "insert": "\n"
  },
  {
    "insert": "    "
  },
  {
    "attributes": {
      "code-block": "html"
    },
    "insert": "\n"
  },
  {
    "insert": "  "
  },
  {
    "attributes": {
      "code-block": "html"
    },
    "insert": "\n"
  },
  {
    "insert": ""
  },
  {
    "attributes": {
      "code-block": "html"
    },
    "insert": "\n"
  },
  {
    "attributes": {
      "background": "#18161b",
      "color": "#fdfdff"
    },
    "insert": "Y dentro del fichero "
  },
  {
    "attributes": {
      "background": "#18161b",
      "color": "#fdfdff",
      "bold": true
    },
    "insert": ".js"
  },
  {
    "attributes": {
      "background": "#18161b",
      "color": "#fdfdff"
    },
    "insert": " tan solo tienes que escribir:"
  },
  {
    "insert": "\nconsole.log(\"Hello world!\");"
  },
  {
    "attributes": {
      "code-block": "js"
    },
    "insert": "\n"
  },
  {
    "attributes": {
      "background": "#18161b",
      "color": "#fdfdff"
    },
    "insert": "Y listo, si ahora guardas ambos ficheros y vuelves a abrir las developers tools en el navegador podr치s ver que el resultado es el mismo."
  },
  {
    "insert": "\n"
  },
  {
    "attributes": {
      "background": "#18161b",
      "color": "#fdfdff"
    },
    "insert": "Prueba ahora a cambiar el texto entre las comillas dobles y a guardar el fichero. Si vuelves al navegador ver치s que no ha ocurrido nada, eso es porque tienes que recargar la p치gina para que el navegador refresque los cambios, simplement4e pulsa F5 en la p치gina o dale al bot칩n de recargar web."
  },
  {
    "insert": "\n"
  },
  {
    "attributes": {
      "background": "#18161b",
      "color": "#fdfdff"
    },
    "insert": "Y poco m치s la verdad. Si eres un programador o programadora que est치 empezando te recomiendo que tengas paciencia, es normal al principio sentirse abrumado por la cantidad de informaci칩n que hay y que tienes que aprender, con pr치ctica al final todo sale, buena suerte!"
  },
  {
    "insert": "\n"
  },
  {
    "attributes": {
      "background": "#18161b",
      "color": "#fdfdff"
    },
    "insert": "Este blog ha sido archivado y no se subir치n art칤culos nuevos. Si te gustan mis art칤culos s칤gueme en mi "
  },
  {
    "attributes": {
      "background": "#18161b",
      "color": "var(--color-primary)",
      "link": "https://diegologs.com/"
    },
    "insert": "nuevo blog personal"
  },
  {
    "insert": "\n"
  },
  {
    "attributes": {
      "background": "#18161b",
      "color": "#fdfdff"
    },
    "insert": "Art칤culos que mencionan a este"
  },
  {
    "attributes": {
      "header": 2
    },
    "insert": "\n"
  },
  {
    "attributes": {
      "background": "#18161b",
      "color": "var(--color-primary)",
      "link": "https://codingpotions.com/javascript-variables/"
    },
    "insert": "Variables en Javascript"
  },
  {
    "attributes": {
      "header": 3
    },
    "insert": "\n"
  },
  {
    "attributes": {
      "background": "#18161b",
      "color": "#fdfdff"
    },
    "insert": "Descubre c칩mo funcionan las variables en JavaScript y c칩mo puedes utilizarlas en tus proyectos web. Aprende los diferentes tipos de variables, c칩mo declararlas, asignarles valores y manipularlas."
  },
  {
    "insert": "\n"
  },
  {
    "attributes": {
      "background": "#18161b",
      "color": "var(--color-primary)",
      "link": "https://codingpotions.com/entorno-desarrollo-frontend/"
    },
    "insert": "Entorno de desarrollo para frontend"
  },
  {
    "attributes": {
      "header": 3
    },
    "insert": "\n"
  },
  {
    "attributes": {
      "background": "#18161b",
      "color": "#fdfdff"
    },
    "insert": "Todas las opciones que tienes a la hora de escribir c칩digo para frontend, tanto en local como en la nube"
  },
  {
    "insert": "\n"
  },
  {
    "attributes": {
      "background": "#18161b",
      "color": "var(--color-primary)",
      "link": "https://codingpotions.com/javascript/"
    },
    "insert": "Gu칤a completa para aprender Javascript"
  },
  {
    "attributes": {
      "header": 3
    },
    "insert": "\n"
  },
  {
    "attributes": {
      "background": "#18161b",
      "color": "#fdfdff"
    },
    "insert": "Javascript es el lenguaje que usan las p치ginas web, y adem치s es uno de los m치s usados en el mundo, aprende a usarlo con estos art칤culos."
  },
  {
    "insert": "\n"
  },
  {
    "attributes": {
      "background": "#18161b",
      "color": "var(--color-primary)",
      "link": "https://codingpotions.com/"
    },
    "insert": "Inicio"
  },
  {
    "attributes": {
      "list": "bullet"
    },
    "insert": "\n"
  },
  {
    "attributes": {
      "background": "#18161b",
      "color": "var(--color-primary)",
      "link": "https://codingpotions.com/archivo"
    },
    "insert": "Art칤culos"
  },
  {
    "attributes": {
      "list": "bullet"
    },
    "insert": "\n"
  },
  {
    "attributes": {
      "background": "#18161b",
      "color": "var(--color-primary)",
      "link": "https://codingpotions.com/notas"
    },
    "insert": "Notas"
  },
  {
    "attributes": {
      "list": "bullet"
    },
    "insert": "\n"
  },
  {
    "attributes": {
      "background": "#18161b",
      "color": "var(--color-primary)",
      "link": "https://codingpotions.com/redes"
    },
    "insert": "Redes sociales"
  },
  {
    "attributes": {
      "list": "bullet"
    },
    "insert": "\n"
  },
  {
    "attributes": {
      "background": "#18161b",
      "color": "var(--color-primary)",
      "link": "https://codingpotions.com/rss"
    },
    "insert": "RSS"
  },
  {
    "attributes": {
      "list": "bullet"
    },
    "insert": "\n"
  },
  {
    "attributes": {
      "background": "#18161b",
      "color": "var(--color-primary)",
      "link": "https://codingpotions.com/about"
    },
    "insert": "Sobre m칤"
  },
  {
    "attributes": {
      "list": "bullet"
    },
    "insert": "\n"
  },
  {
    "attributes": {
      "background": "#18161b",
      "color": "var(--color-primary)",
      "link": "https://codingpotions.com/acerca-de-este-sitio"
    },
    "insert": "Acerca de este sitio"
  },
  {
    "attributes": {
      "list": "bullet"
    },
    "insert": "\n"
  },
  {
    "insert": "\n"
  }
]', 1, 2, '2024-05-1', null ),
    ('Ordenar un array', 'Crear una funci칩n que ordene un array de n칰meros de menor a mayor', NULL, 3, 1, '2023-08-01', NULL);

-- Insertar datos en la tabla USER
INSERT INTO `USER` (username, email, password_hashed, created_at, user_type_id, status, bio) VALUES
    ('admin', 'admin@example.com', 'admin123', '2022-01-01', 1, 'active', null),
    ('moderador1', 'moderador1@example.com', 'mod123', '2022-02-15', 2, 'active', null),
    ('moderador2', 'moderador2@example.com', 'mod456', '2022-03-20', 2, 'active', null),
    ('usuario1', 'usuario1@example.com', 'user123', '2022-04-10', 3, 'active', null),
    ('usuario2', 'usuario2@example.com', 'user456', '2022-05-05', 3, 'active', null),
    ('usuario3', 'usuario3@example.com', 'user789', '2022-06-15', 3, 'active', null),
    ('usuario4', 'usuario4@example.com', 'userABC', '2022-07-20', 3, 'active', null),
    ('usuario5', 'usuario5@example.com', 'userDEF', '2022-08-25', 3, 'active', null);

-- Insertar datos en la tabla PERMISSION_USER
INSERT INTO PERMISSION_USER (PERMISSION_id_permission, USER_id_user) VALUES
    (1, 1), -- El admin tiene permiso de gestionar usuarios
    (2, 2), (2, 3), -- Los moderadores tienen permiso de moderar contenido
    (3, 4), (3, 5), (3, 6), (3, 7), (3, 8), -- Los usuarios tienen permiso de publicar contenido
    (4, 4), (4, 5), (4, 6), (4, 7), (4, 8); -- Los usuarios tienen permiso de comentar

-- Insertar datos en la tabla ARCHIEVEMENT_USER
INSERT INTO ARCHIEVEMENT_USER (USER_id_user, ACHIEVEMENT_id_achievement, created_at) VALUES
    (1, 1, '2022-01-01'), (2, 1, '2022-02-15'), (3, 1, '2022-03-20'), (4, 1, '2022-04-10'),
    (5, 1, '2022-05-05'), (6, 1, '2022-06-15'), (7, 1, '2022-07-20'), (8, 1, '2022-08-25'),
    (4, 2, '2022-05-01'), (5, 2, '2022-06-01'), (6, 2, '2022-07-01'), (7, 2, '2022-08-01'),
    (1, 3, '2023-01-01'), (2, 3, '2023-02-01'), (3, 3, '2023-03-01');


INSERT INTO POST_STATE (state_name) VALUES ('Borrador');
INSERT INTO POST_STATE (state_name) VALUES ('Publicado');
INSERT INTO POST_STATE (state_name) VALUES ('Eliminado');

